id,post_id,user_name,comment_text,comment_date,comment_time,barangay,incident_type,created_at
122113596819367137_1577934500441390,1110390105498978_122113596819367137,Unknown,Magandang umaga po may gumuhong gusali po dito sa Poblacion 2 at kasalukuyang hinaharangan po ang kalsadsa,2026-08-24,03:35:33,Unknown,,2026-08-24T03:35:49.086599+00:00
122116085643367137_954513056997126,1110390105498978_122116085643367137,Unknown,tUlOnG relief goods nMn pO sA sAmPaLoC!!! gUtOm nA kMi!!!,2026-09-11,00:11:36,Sampaloc,emergency,2026-09-11T00:12:40.67031+00:00
122113836501367137_3409089269273945,1110390105498978_122113836501367137,Unknown,"Magandang gabi, pwede po ba kayo magpadala ng tao dito sa Barangay Sampaloc, malapit po sa highway para po maalis namin ang mga bato na nanggaling sa gumuhong gusali sa kalsada",2026-08-24,11:50:05,Sampaloc,,2026-08-24T11:50:21.967844+00:00
122113596819367137_952876534505186,1110390105498978_122113596819367137,Samson Jefferson,Hindi po maka tawid dine sa tuya sa brgy aya stranded na ho mga tao dine,2026-08-24,10:14:30,Aya,,2026-08-24T10:21:14.213953+00:00
122113596819367137_27957407490578636,1110390105498978_122113596819367137,Unknown,Baka naman po makakarespond agad kayo gawa ng may tumumbang poste ng kuryente dito sa Barangay Banga at nag lawit po ang kable ng kuryente,2026-08-24,05:02:14,Banga,,2026-08-24T05:03:19.270526+00:00
122115019251367137_4528360117488248,1110390105498978_122115019251367137,Unknown,bara n po kanal nmin kaya mabilis bumabaha kht di malakas ulan.,2026-09-03,00:53:43,Aya,flood,2026-09-03T02:54:44.229523+00:00
122113596819367137_1061498782905176,1110390105498978_122113596819367137,Samson Jefferson,Wala po bang tulong dine sa tumaway kailangan po namin maka lipat ng evacuation center,2026-08-24,11:26:42,Tumaway,evacuation,2026-08-24T11:27:05.815239+00:00
122113836501367137_1532104534909150,1110390105498978_122113836501367137,Responde Clone,"atin pong aaksyonan lahat sa abot ng aming makakaya, ang buong team ay gumagawa ng paraan para sa agarang aksyon at tulong, maraming salamat po.",2026-08-24,11:39:01,Aya,emergency,2026-08-24T11:44:31.96889+00:00
122115019251367137_2129870961212095,1110390105498978_122115019251367137,Unknown,check up lng po sana my allergy reaction kc bunso ko sa pagkain d2 sa relief goods Brgy Poblacion 3,2026-09-03,00:50:55,Unknown,,2026-09-03T02:54:42.590732+00:00
122113836501367137_1460213749273633,1110390105498978_122113836501367137,Unknown,MAY MALAKING BITAK SA LUPA MALAPIT SA covered court NATATAKOT PO KMI BAKA LUMALA PA SA BRGY Tranca PO ITO!😭,2026-08-24,13:15:15,Tranca,,2026-08-24T13:21:15.288993+00:00
122113596819367137_2379531249459767,1110390105498978_122113596819367137,Unknown,"Saan po pwedeng kumuha ng dagdag na relief goods para sa aming pamilya, Brgy. Balas?",2026-08-24,11:10:55,Balas,,2026-08-24T11:21:13.467572+00:00
122113596819367137_2068655303735808,1110390105498978_122113596819367137,Unknown,pwd po b dagdagan relief pack nmin marami po kc bata sa bhay nmin d2.,2026-08-24,11:10:16,Unknown,,2026-08-24T11:21:13.841376+00:00
122113596819367137_27698353403198881,1110390105498978_122113596819367137,Unknown,thank u po sa mga volunteers galing pa ibang bayan tumulong d2 samin,2026-08-24,11:09:35,Aya,,2026-08-24T11:21:14.157576+00:00
122113596819367137_1724921045467163,1110390105498978_122113596819367137,Unknown,"Parne ho kayo, baluktot na ang poste malapit sa bahay namin, baka bumagsak pa sa daan, Brgy Poblacion 7.",2026-08-24,11:08:36,Unknown,flood,2026-08-24T11:21:14.542819+00:00
122113596819367137_1697347341358980,1110390105498978_122113596819367137,Unknown,PLS PO need first aid nabalian ata binti ni kuya pagtakbo nya papalayo sa gumuhong pader Brgy Miranda,2026-08-24,11:08:04,Miranda,,2026-08-24T11:21:13.168499+00:00
122113596819367137_1044773548397562,1110390105498978_122113596819367137,Samson Jefferson,Kailangan po namin ng food supply dine sa brgy tranca marami rami ho naka evacuate dine sa eskwelahan ng tranca,2026-08-24,08:43:43,Tranca,evacuation,2026-08-24T08:49:34.086545+00:00
122113596819367137_961711866947699,1110390105498978_122113596819367137,Unknown,May batang sugatan po dito sa Barangay Buco kailangan po namin ng medic,2026-08-23,13:30:58,Buco,casualty,2026-08-23T13:32:05.972354+00:00
122113596819367137_1030764439762083,1110390105498978_122113596819367137,Samson Jefferson,May mga tumirik hong sasakyan dine sa brgy aya gawa po ng baha,2026-08-24,05:27:25,Aya,flood,2026-08-24T05:32:29.089746+00:00
122113596819367137_1375728087404548,1110390105498978_122113596819367137,Unknown,masakit n tiyan ni tita ko ilang araw n parang kailangan n dalhin ospital pero baha pa daan Brgy Banga,2026-08-24,11:09:07,Banga,flood,2026-08-24T11:21:16.15031+00:00
122113596819367137_4429954697316470,1110390105498978_122113596819367137,Samson Jefferson,Wala po bang tulong pinansyal o kahit pagkain sa mga nasalanta ng bagyo? Salamat po,2026-08-24,03:52:51,Unknown,emergency,2026-08-24T03:53:18.740445+00:00
122113596819367137_1347861414171198,1110390105498978_122113596819367137,Unknown,"Mayroon pong gumuhong lupa dito sa Poblacion 1 at may taong natabunan, kailangan po namin ng tulong nyo ngayon para mahukay yung tao",2026-08-23,14:43:07,Unknown,emergency,2026-08-23T14:47:56.424322+00:00
122115019251367137_1351842770056661,1110390105498978_122115019251367137,Unknown,"nlubog n bhay nmin d2 sa Balas hangang leeg n tubig, d na kmi mkalabas!!",2026-09-03,00:47:02,Balas,flood,2026-09-03T02:54:42.915702+00:00
122113836501367137_1989321255119959,1110390105498978_122113836501367137,Unknown,need po formula milk agad wla po kming stock d2 sa center.,2026-08-24,13:38:58,Unknown,,2026-08-24T13:44:35.539662+00:00
122113596819367137_2428464667645062,1110390105498978_122113596819367137,Unknown,Tulong po kailangan po ng tulong nyo para ma evacuate yung mga taong hindi makaalis sa bahay nila dito sa Barangay Tumaway gawa ng umuusok po ng malakas ang bulkang Taal,2026-08-24,09:26:11,Tumaway,evacuation,2026-08-24T09:27:12.004948+00:00
122113596819367137_1364253062084475,1110390105498978_122113596819367137,Samson Jefferson,"tulong po dine sa barangay san guillermo, baha naho",2026-08-22,20:29:58,San Guillermo,emergency,2026-08-22T20:31:14.476876+00:00
122113836501367137_1041733968465888,1110390105498978_122113836501367137,Samson Jefferson,Dine ho sa brgy miranda madaming kahoy natumba makiki aksyonan po salamat,2026-08-24,11:55:53,Miranda,,2026-08-24T11:56:12.708538+00:00
122113596819367137_1699104658883528,1110390105498978_122113596819367137,Unknown,"Tulong po, may gumuhong lupa dito sa Barangay Sampaloc",2026-08-23,11:53:43,Sampaloc,emergency,2026-08-23T11:58:44.954881+00:00
122113596819367137_1088674086829145,1110390105498978_122113596819367137,Unknown,PAKIUSAP need rescue boat NOW stranded kmi 5ppl rooftop na po.,2026-08-24,11:07:41,Unknown,emergency,2026-08-24T11:21:12.461134+00:00
122113596819367137_1164995909437592,1110390105498978_122113596819367137,Unknown,"Salamat po pala sa linemen na dumating agad, may kuryente na po ulit kami dito sa Brgy Poblacion 7",2026-08-24,13:35:53,Unknown,,2026-08-24T13:38:48.403728+00:00
122113596819367137_1098035299230871,1110390105498978_122113596819367137,Unknown,Is there a doctor currently on duty at the evacuation center in Brgy. Aya?,2026-08-24,13:33:59,Aya,evacuation,2026-08-24T13:38:47.820797+00:00
122113836501367137_1021446647378289,1110390105498978_122113836501367137,Unknown,"Salamat po sa relief goods kahapon, malaking tulong po ito para sa amin dine sa Brgy Poblacion 7❤️",2026-08-24,13:30:20,Unknown,emergency,2026-08-24T13:32:56.602845+00:00
122113836501367137_2052591818956007,1110390105498978_122113836501367137,Unknown,"Dine ho baga sa health center unti-unti na tumataas ang baha kainaman na, sana dumaan na ang rescue, Brgy Poblacion 2.",2026-08-26,05:38:02,Unknown,emergency,2026-08-26T05:38:46.593407+00:00
122113836501367137_1713130676628081,1110390105498978_122113836501367137,Samson Jefferson,Kailangan po namin makalikas dito sa tranka nataas napo ang tubig ng ilog,2026-08-25,04:02:05,Unknown,flood,2026-08-25T04:09:09.736824+00:00
122116085643367137_1048922251454679,1110390105498978_122116085643367137,Samson Jefferson,"Nakakaawa po may mga asma pasuyo napo patulungan kami sa pag lilinis ng abo,",2026-09-11,03:48:39,Unknown,,2026-09-12T02:28:40.784362+00:00
122113836501367137_1821927579188264,1110390105498978_122113836501367137,Samson Jefferson,May bata pong nawawala at baka po inanod ng baha dine po sa barangy quiling malapit sa tulay,2026-08-25,05:21:38,Quiling,flood,2026-08-25T05:26:14.084614+00:00
122113836501367137_1057190067125149,1110390105498978_122113836501367137,Unknown,"Nawawala po yung kapitbahay namin dito sa Caloocan, hindi na po nakauwi kagabi pa",2026-08-26,07:44:16,Caloocan,flood,2026-08-26T07:50:02.155684+00:00
122113836501367137_1545769229929831,1110390105498978_122113836501367137,Unknown,MAY MALAKING BITAK SA LUPA MALAPIT SA boundary ng Laurel NATATAKOT KMI BAKA LUMALA PA.,2026-08-26,07:39:56,Unknown,,2026-08-26T07:44:11.945447+00:00
122113596819367137_1569522471248219,1110390105498978_122113596819367137,Unknown,"Pwede po ba humingi ng gamot pang lagnat, marami pong nilalagnat na bata dito sa center sa Brgy Poblacion 5.",2026-08-24,13:40:42,Unknown,,2026-08-24T13:44:37.600363+00:00
122113836501367137_1050914253989655,1110390105498978_122113836501367137,Unknown,"Baka po meron pa kayong extrang mga gamit, wala po kaming pamalit at mahigaan dito sa evacuation center sa Poblacion 5",2026-08-25,09:34:18,Unknown,evacuation,2026-08-25T09:36:21.457412+00:00
122113596819367137_1934619747235487,1110390105498978_122113596819367137,Responde Clone,"atin pong aaksyonan lahat sa abot ng aming makakaya, ang buong team ay gumagawa ng paraan para sa agarang aksyon at tulong, maraming salamat po!",2026-08-24,11:37:42,Aya,emergency,2026-08-24T11:38:43.499843+00:00
122113836501367137_1779920663039345,1110390105498978_122113836501367137,Unknown,wla n pong gatas si baby ko dine sa evac center Brgy Poblacion 3 puro tubig baha nlng meron kmi,2026-08-26,04:56:21,Unknown,flood,2026-08-26T05:21:15.96577+00:00
122113836501367137_1620331582841911,1110390105498978_122113836501367137,Unknown,"Kumakalat na po yung apoy dito sa Sampaloc, ilang bahay na po ang naapektuhan",2026-08-26,10:48:11,Sampaloc,flood,2026-08-26T10:53:48.553842+00:00
122115019251367137_1402586591832217,1110390105498978_122115019251367137,Unknown,May nanganganak napo dito yung asawa ng kapitbahay namin wla silang masakyan papunta ospital dito sa Brgy Banga,2026-09-03,00:42:35,Banga,flood,2026-09-03T02:54:43.076797+00:00
122113836501367137_1017074964715380,1110390105498978_122113836501367137,Unknown,May naririrnig po kame na humihingi ng tulong dito sa bumagsak na bahay dito sa buco malapit sa kanto,2026-08-26,04:58:43,Buco,emergency,2026-08-26T05:21:16.55685+00:00
122113836501367137_1589279659398601,1110390105498978_122113836501367137,Unknown,"Kelan po dadating ang relief goods dito sa Sampaloc, dawalang araw na po kaming walang makain",2026-08-26,09:21:13,Sampaloc,,2026-08-26T09:26:17.273325+00:00
122113836501367137_1066507575758862,1110390105498978_122113836501367137,Unknown,"Ilang pamilya na po ang gutom dito, hindi pa nakakarating ang relief goods sa amin malapit sa barangay hall sa Brgy Aya",2026-08-25,08:55:52,Aya,,2026-08-25T08:57:06.004624+00:00
122113596819367137_1371725155064486,1110390105498978_122113596819367137,Unknown,update lng po ligtas n kmi ngaun pinuntahan n kmi ng rescue kagabi Brgy Sta. Maria salamat po 🙏,2026-08-24,14:55:21,Unknown,emergency,2026-08-24T14:56:16.790557+00:00
122113836501367137_1582027013416056,1110390105498978_122113836501367137,Samson Jefferson,Madami pong kailangan ng tulong dito sa miranda gawa ng lindol,2026-08-26,05:18:23,Miranda,earthquake,2026-08-26T05:21:16.264829+00:00
122113836501367137_1802563807568641,1110390105498978_122113836501367137,Unknown,Jusko po may na naipit na bata dito sa Barangay Miranda,2026-08-25,03:21:15,Miranda,,2026-08-25T03:21:21.874402+00:00
122113836501367137_2129956894561342,1110390105498978_122113836501367137,Unknown,"May na strand na pamilya po dito sa Quiling, nasa itaas na po sila ng bubong dahil sa taas ng baha",2026-08-26,03:10:52,Quiling,flood,2026-08-26T03:21:14.356682+00:00
122116085643367137_825427183957621,1110390105498978_122116085643367137,Unknown,baka naman ho mabisita kami dine sa san guillermo,2026-09-11,10:13:21,San Guillermo,,2026-09-12T02:28:40.548025+00:00
122113836501367137_1424476179497589,1110390105498978_122113836501367137,Unknown,Wala na pong mainom na tubig dito sa evacuation center sa Barangay Ayala,2026-08-26,01:48:02,Aya,evacuation,2026-08-26T01:53:55.883047+00:00
122113836501367137_1831637414499664,1110390105498978_122113836501367137,Samson Jefferson,May ilan ilan pong inanod ng baha dito sa brgy caloocan,2026-08-26,09:49:28,Caloocan,flood,2026-08-26T09:51:14.571779+00:00
122115019251367137_1818692966249574,1110390105498978_122115019251367137,Unknown,check up lng po sana my allergy reaction kc bunso ko sa pagkain d2 sa relief goods Brgy Sampaloc,2026-09-02,07:57:14,Sampaloc,,2026-09-02T07:59:54.794047+00:00
122113836501367137_2565938587153646,1110390105498978_122113836501367137,Unknown,medyo tumataas nlang po tubig d2 samin baka pwd icheck kung need pa ng rescue dine sa Brgy Poblacion 7,2026-08-25,08:44:07,Unknown,emergency,2026-08-25T08:51:16.920751+00:00
122113596819367137_1236991272836982,1110390105498978_122113596819367137,Unknown,"salamat po sa mga relief pack na dumating, pero kulang p rin para sa malaking pamilya nmin d2",2026-08-25,08:46:11,Unknown,,2026-08-25T08:51:19.687656+00:00
122113836501367137_2831346180565468,1110390105498978_122113836501367137,Samson Jefferson,Pwede po ba maka hingi ng cash assistance,2026-08-26,13:29:01,Unknown,,2026-08-26T13:36:25.920776+00:00
122113836501367137_2621455701652734,1110390105498978_122113836501367137,Unknown,Pa-assist naman ho sa natumbang puno dito sa barangay tranca,2026-08-26,20:11:40,Tranca,,2026-08-26T20:12:20.988734+00:00
122113836501367137_1047896288067819,1110390105498978_122113836501367137,Unknown,Ilang oras po ba bago bumaba ang tubig dito sa Poblacion?,2026-08-26,12:28:01,Unknown,flood,2026-08-26T12:35:35.759085+00:00
122113836501367137_1510419034464736,1110390105498978_122113836501367137,Samson Jefferson,Kailangan po namin ng ambulansya may mga sugatan po dine sa brgy miranda,2026-08-28,03:07:31,Miranda,casualty,2026-08-28T03:08:50.005805+00:00
122113836501367137_1557552305912927,1110390105498978_122113836501367137,Unknown,"magpadala po kayo ng tao dito sa Poblacion 3, may nabagsakan po ng bato dito galing sa gumuhong gusali",2026-08-28,01:44:58,Unknown,,2026-08-28T01:48:04.643912+00:00
122113836501367137_840721745702631,1110390105498978_122113836501367137,Unknown,Bumabaha na naman dito sa Sampaloc kahit umulan lang ng konti,2026-08-27,01:51:50,Sampaloc,flood,2026-08-27T01:56:19.218792+00:00
122113836501367137_2107916773127740,1110390105498978_122113836501367137,Unknown,masakit n ho tiyan ni tita ko ilang araw n parang kailangan n dalhin ospital pero baha pa daan sa Brgy Leynes,2026-08-29,11:20:30,Leynes,flood,2026-08-29T11:21:20.939416+00:00
122113596819367137_1816374606048098,1110390105498978_122113596819367137,Unknown,PUTOL N KURYENTE! ILANG ORAS N D2 SA BRGY Poblacion 2 MAY NAKALAWIT PANG WIRE SA daan papuntang bundok DELIKADO PO!,2026-08-28,12:37:16,Unknown,,2026-08-28T12:51:32.94439+00:00
122114578179367137_1082879980919309,1110390105498978_122114578179367137,Unknown,kumakapal na po yung hamog dito sa barangay miranda at baka po makakapagpadala kayo tao gawa hindi ko malabas magisa yung lumpong magulang ko,2026-08-29,14:17:56,Miranda,,2026-08-29T14:21:56.331013+00:00
122113836501367137_1273820574775658,1110390105498978_122113836501367137,Unknown,"Paano po mag-request ng dagdag na pagkain para sa mga bata dito sa center, malapit sa covered court dito sa Brgy Balas",2026-08-28,12:33:47,Balas,,2026-08-28T12:51:25.624275+00:00
122113836501367137_2112390966297926,1110390105498978_122113836501367137,Unknown,pwd po b dagdagan relief pack nmin marami po kc bata sa bhay nmin d2 sa Brgy Balas,2026-08-29,10:35:17,Balas,,2026-08-29T10:36:26.100178+00:00
122114578179367137_956238207514610,1110390105498978_122114578179367137,Unknown,PUTOL N KURYENTE ILANG ORAS N D2 MAY NAKALAWIT PANG WIRE SA daan papuntang bundok DELIKADO PO.,2026-08-30,08:16:01,Unknown,,2026-08-30T08:21:22.694143+00:00
122113836501367137_1268618838644341,1110390105498978_122113836501367137,Unknown,hi po😄 ask ko lng kung san po pwd magdonate ng relief goods para sa Brgy Buco,2026-08-28,12:36:11,Buco,,2026-08-28T12:51:25.473561+00:00
122113836501367137_1597203822004464,1110390105498978_122113836501367137,Unknown,Wala pa rn pong kuryente n signal sa Poblacion 2.. Marami na po naputol na poste d2 sa kalsada paki ayos po need napo talaga ng supply ng kuryente 🥲,2026-08-28,12:27:13,Unknown,,2026-08-28T12:51:30.643787+00:00
122114578179367137_1551279453678423,1110390105498978_122114578179367137,Unknown,BARADO NAPO DAAAN SA Poblacion 1 dhl sa ASH FALL!!! WLA NG MKADAAN!!!,2026-08-29,13:51:03,Unknown,,2026-08-29T13:52:45.592802+00:00
122114578179367137_1656807559266487,1110390105498978_122114578179367137,Unknown,mAy nA-stuck SA Sampaloc pLs r3scu3 now!!!😭,2026-08-29,14:04:41,Sampaloc,,2026-08-29T14:10:15.59093+00:00
122114578179367137_1095333146266295,1110390105498978_122114578179367137,Samson Jefferson,Hindi po kami maka luwas wala po madaanan putol ang tulay,2026-08-29,14:03:01,Unknown,,2026-08-29T14:04:25.691423+00:00
122114578179367137_2044195036214715,1110390105498978_122114578179367137,Unknown,"Bumagsak po ang poste ng kuryente kasama ang mga kable sa daan papuntang Poblacion 1, gawa ng bagyo.",2026-08-29,14:39:17,Unknown,typhoon,2026-08-29T14:42:14.041481+00:00
122113836501367137_1596315078805560,1110390105498978_122113836501367137,Unknown,"I would like to give Thanks to everyone who donated supplies for our evacuation center here in Brgy. Buco, God Bless🙏❤️",2026-08-28,12:24:19,Buco,evacuation,2026-08-28T12:27:13.952827+00:00
122114578179367137_1643322900550270,1110390105498978_122114578179367137,Unknown,"Nasira ang bahagi ng tulay papuntang Poblacion 2 dahil sa lakas ng agos, hindi na po madaanan ng sasakyan.",2026-08-30,03:34:35,Unknown,flood,2026-08-30T03:37:12.928126+00:00
122113836501367137_828065903661403,1110390105498978_122113836501367137,Samson Jefferson,"Hello, I'm a foreigner here at Barangay Miranda Bridge. I am stranded here. Please help me.",2026-08-28,12:21:46,Miranda,,2026-08-28T12:27:15.946453+00:00
122114578179367137_942730098847245,1110390105498978_122114578179367137,Unknown,PLS PO need first aid nabalian ata binti ni kuya pagtakbo nya papalayo sa gumuhong pader Brgy Poblacion 1,2026-08-29,13:58:27,Unknown,,2026-08-29T13:58:35.517855+00:00
122114578179367137_1086294113987921,1110390105498978_122114578179367137,Unknown,"wla n pong maiinom n malinis n tubig d2 sa evac center Brgy Poblacion 7 3 days n po, immediate help po SANA",2026-08-29,14:06:29,Unknown,flood,2026-08-29T14:10:16.960044+00:00
122114578179367137_1345490300903070,1110390105498978_122114578179367137,Unknown,"Blocked yung road sa Brgy. 5 dahil sa volcanic ash, hindi makadaan yung mga vehicles",2026-08-29,14:14:01,Unknown,,2026-08-29T14:16:06.098897+00:00
122113836501367137_1000226016366902,1110390105498978_122113836501367137,Unknown,"Sana marami pang tumulong dito sa Aya parang kanina, galing pa sa kabilang bayan",2026-08-28,12:21:28,Aya,,2026-08-28T12:27:16.103514+00:00
122113596819367137_1373722061493928,1110390105498978_122113596819367137,Samson Jefferson,May sunog ho dine sa poblacion dos ngayon,2026-08-24,06:38:30,Unknown,fire,2026-08-24T06:44:02.036364+00:00
122113596819367137_1801170824241580,1110390105498978_122113596819367137,Samson Jefferson,Mataas nanaman po ulit ang tubig dito sa Quiling kailangan po maka likas kami asap,2026-08-29,08:27:43,Quiling,flood,2026-08-29T08:51:26.076287+00:00
122116085643367137_2436251103532821,1110390105498978_122116085643367137,Samson Jefferson,tulong po sa balas napaka rami pong kailangan mabigyan ng tubig sira po and linya ng tubig dine wala kami mainom,2026-09-09,12:01:04,Balas,emergency,2026-09-09T12:08:38.481956+00:00
122114578179367137_1784413052735169,1110390105498978_122114578179367137,Unknown,TULONGGG POOO!! Paki evacuate po kame dine sa Brgy Poblacion 2!! Lampas tao na po ang tubig baha plsss😥,2026-08-29,14:18:27,Unknown,evacuation,2026-08-29T14:21:58.582011+00:00
122113596819367137_2369457883865026,1110390105498978_122113596819367137,Unknown,Natumba ung malaking puno kasama poste sa may boundary ng Laurel blocked n ung daan papuntang Brgy Caloocan hay nako😭,2026-08-28,12:38:20,Caloocan,,2026-08-28T12:51:35.860278+00:00
122116085643367137_954653107686303,1110390105498978_122116085643367137,Samson Jefferson,Tumawag po kami sa inyo wala pong nasagot ni msg wala anubayan gtom na kami tolong nman jusq,2026-09-09,06:18:15,Aya,,2026-09-09T12:08:38.862043+00:00
122113836501367137_2083393555582731,1110390105498978_122113836501367137,Unknown,"My father is having severe chest pain and difficulty breathing, we urgently need an ambulance, Brgy. Banga.",2026-08-26,04:34:29,Banga,,2026-08-26T04:38:47.646265+00:00
122114578179367137_1789536812238771,1110390105498978_122114578179367137,Unknown,"Possible landslide warning po sa area ng daan papuntang bundok, nag-crack na yung lupa, sana ma-check agad, Brgy Tranca.",2026-08-29,13:32:25,Tranca,landslide,2026-08-29T13:35:53.784995+00:00
122113596819367137_1023095967466885,1110390105498978_122113596819367137,Unknown,Need po namin agarang tulong dito sa Barangay Caloocan gawa ng may na trapped po na bata dito sa gumuhong bahay,2026-08-24,08:08:44,Caloocan,emergency,2026-08-24T08:14:33.777543+00:00
122114578179367137_1597097468491151,1110390105498978_122114578179367137,Unknown,Saan kaya ang evacuation center na malapit sa Barangay Balas?,2026-08-29,13:54:47,Balas,evacuation,2026-08-29T13:58:34.971692+00:00
122114578179367137_2174068776857035,1110390105498978_122114578179367137,Unknown,A family in Brgy. Sampaloc is stranded and needs some immediate evacuation assistance!,2026-08-29,14:01:18,Sampaloc,evacuation,2026-08-29T14:04:26.527578+00:00
122114578179367137_2534083940421563,1110390105498978_122114578179367137,Unknown,HIRAP HUMINGA D2 Pob 3 dhl sA aBo!!! NEED MEDIC PLS ASAP!!!,2026-08-29,13:56:30,Unknown,,2026-08-29T13:58:35.365042+00:00
122114578179367137_1882041492495374,1110390105498978_122114578179367137,Unknown,HELPPP! yung tatay ko hirap huminga gawa ng chest pain nya need napo ng ambulansya asap malapit sa covered court sa Barangay Aya😭,2026-09-01,09:09:49,Aya,,2026-09-01T19:40:54.241136+00:00
122115019251367137_1086702683828322,1110390105498978_122115019251367137,Unknown,TULONGGG POOO!! Paki evacuate po kame Lampas tao na po ang tubig baha plsss 😭😭,2026-09-01,09:15:36,Unknown,evacuation,2026-09-01T19:40:50.015524+00:00
122114578179367137_966740176430913,1110390105498978_122114578179367137,Unknown,s4f3 n4 b4 bum4l1k s4 Barangay Tumaway??? Baka kase may aBo p4 r1n 😭,2026-09-01,02:52:09,Tumaway,,2026-09-01T02:57:07.681653+00:00
122114578179367137_2023703441623495,1110390105498978_122114578179367137,Unknown,"May nahihirapang pong huminga sa Poblacion Barangay 1, kapal ng abo eh, kailangan po nya ng pang lunas agad para maagapan",2026-09-01,02:21:06,Poblacion Barangay 1,,2026-09-01T02:26:19.834058+00:00
122115019251367137_38128760200072102,1110390105498978_122115019251367137,Unknown,"2long po sobrang lakas na po ng buga ng usok ng taal, baka po may mga supplies kayo na pedeng ipamigay dito sa Barangay Sampaloc",2026-09-02,02:30:59,Sampaloc,,2026-09-02T02:37:35.77337+00:00
122115019251367137_1082835297764072,1110390105498978_122115019251367137,Unknown,Magandang umaga po pa rescue po kame dito sa Poblacion 3 lagpas tao na po ang baha dito,2026-09-02,00:46:42,Unknown,emergency,2026-09-02T00:53:42.381064+00:00
122114578179367137_1067084142841978,1110390105498978_122114578179367137,Unknown,"Guys may tumaob na bangka sa Taal Lake malapit sa riles papuntang Sta. Maria, please send help, wala pang response sa report ko sa Brgy Buco.",2026-09-01,09:07:16,Buco,,2026-09-01T19:40:51.886715+00:00
122114578179367137_1352169727079945,1110390105498978_122114578179367137,Unknown,Tulong po naipit po yung kapatid ko sa bumagsak na puno dito sa Barangay Leyners malapit po ito sa school,2026-09-01,04:06:10,Unknown,emergency,2026-09-01T04:22:08.441245+00:00
122114578179367137_1612129157107406,1110390105498978_122114578179367137,Unknown,BL0CK3D d4An sA Poblacion Barangay 6 dHl sA ABo!!! pLs h3lp,2026-09-01,02:27:41,Poblacion Barangay 6,,2026-09-01T02:51:17.936811+00:00
122114578179367137_1556800602104193,1110390105498978_122114578179367137,Unknown,"May residents na stranded sa Brgy. Quiling, please send rescue assistance",2026-09-01,02:19:04,Quiling,emergency,2026-09-01T02:20:28.193672+00:00
122115019251367137_1602999917832936,1110390105498978_122115019251367137,Samson Jefferson,Tulong naman po dine sa pob 5 puro delata lang at bigas wala naman po kami lutuan,2026-09-01,12:18:30,Unknown,emergency,2026-09-01T19:40:49.480321+00:00
122098588077367137_2018198508863542,1110390105498978_122098588077367137,Unknown,"Hi po sir sorry po sa abala kung dito po ako nag re-reach out ng tulong gawa baluktot na ang poste malapit sa bahay namin, baka bumagsak pa sa daan, malapit po kame sa Brgy Poblacion 6, concern lang po kame kase baka may madamay po na iba",2026-08-28,12:42:52,Unknown,emergency,2026-08-28T12:51:37.06844+00:00
122116085643367137_1822796898915490,1110390105498978_122116085643367137,Unknown,Tulong po may tanong ako,2026-09-12,02:21:39,Unknown,emergency,2026-09-12T02:28:40.666836+00:00
122116085643367137_2680766715714628,1110390105498978_122116085643367137,Unknown,sana po safe ang mga nasalanta,2026-09-11,00:04:52,Unknown,,2026-09-11T00:12:40.788996+00:00
122115019251367137_1700742784354619,1110390105498978_122115019251367137,Unknown,"Urgent po, may dalawang kotse na nagbanggaan dito sa Poblacion 6 malapit po sa high way at may dalawang tao pong sugatan.",2026-09-02,07:50:18,Unknown,accident,2026-09-02T07:59:55.967803+00:00
122115019251367137_1113429734450365,1110390105498978_122115019251367137,Unknown,hlp us pls nasa rooftop kmi ngaun tumataas pa tubig d2 sa Poblacion 1 wlang bangka dumaan 😭,2026-09-01,09:18:35,Unknown,flood,2026-09-01T19:40:49.86888+00:00
122114578179367137_3018043828543206,1110390105498978_122114578179367137,Samson Jefferson,Kabagal ng rescue aah,2026-09-01,04:35:57,Unknown,emergency,2026-09-01T04:39:39.384628+00:00
122114578179367137_995471230174116,1110390105498978_122114578179367137,Unknown,Residents in Banga need potable water because the local supply is contaminated by ash.,2026-09-01,02:56:13,Banga,,2026-09-01T02:57:07.526556+00:00
122115019251367137_1041862532176828,1110390105498978_122115019251367137,Unknown,"Meron po natumbang puno dito sa Barangay Lenyes at nakaharang po sa daan, kasalukuyang po ngayong nagdudulot ng traffic",2026-09-01,09:56:40,Unknown,,2026-09-01T19:40:49.167253+00:00
122115019251367137_1456562189665119,1110390105498978_122115019251367137,Unknown,"Anla tulong naman po! Natabunan na ang daan sa Brgy. Balas gawa ng landslide, di makadaan ang ambulansya!",2026-09-02,09:31:11,Balas,landslide,2026-09-02T12:08:20.543194+00:00
122114578179367137_1089722613394438,1110390105498978_122114578179367137,Unknown,"Gano po katagal pa ang class suspension dine sa Brgy St. Maria, may text update na po ba?",2026-09-01,09:05:07,Unknown,,2026-09-01T19:40:52.038819+00:00
122114578179367137_1700893785379568,1110390105498978_122114578179367137,Samson Jefferson,Matabunan na ho ng lahar ang mga bahayan dine sa pob 3,2026-09-01,03:45:39,Aya,flood,2026-09-01T03:49:38.435119+00:00
122113836501367137_1059975583410805,1110390105498978_122113836501367137,Unknown,Ala eh tulong naman po! Natabunan na ang daan rine sa Brgy. Leynes gawa ng landslide e di na kako makadaan ang mga rescuer at ambulansya!,2026-08-28,12:18:38,Leynes,landslide,2026-08-28T12:21:25.051023+00:00
122116085643367137_3968272776813513,1110390105498978_122116085643367137,Unknown,kumain na po kayo?,2026-09-11,03:44:14,Unknown,,2026-09-12T02:28:40.9035+00:00
122115019251367137_1415276740541182,1110390105498978_122115019251367137,Unknown,gutom n gutom n po kmi d2 sa health center wla p pong dumarating n relief truck.,2026-09-03,00:36:25,Unknown,,2026-09-03T00:40:16.225079+00:00
122115019251367137_3601201700040915,1110390105498978_122115019251367137,Unknown,UBOS N PAGKAIN NMIN D2 SA riles papuntang Sta. Maria ILANG FAMILIES PA WLANG NATANGGAP N RELIEF.,2026-09-02,08:12:46,Unknown,,2026-09-02T12:08:20.154033+00:00
122115019251367137_1622516702629520,1110390105498978_122115019251367137,Samson Jefferson,Bakit po wala parin rescue nag pm po ako,2026-09-03,00:58:09,Unknown,emergency,2026-09-03T02:54:42.095494+00:00
122115019251367137_1743353700199137,1110390105498978_122115019251367137,Unknown,"Ala eh natabunan ng lupa ang buong daan papuntang covered court, wala nang madadaanang sasakyan, Brgy Poblacion 1",2026-09-03,01:01:44,Unknown,,2026-09-03T02:54:41.909926+00:00
122115019251367137_1359025922667199,1110390105498978_122115019251367137,Unknown,"Salamat po sa relief goods kahapon, malaking tulong po ito para sa amin ng pamilya koo",2026-09-01,09:19:08,Unknown,emergency,2026-09-01T19:40:49.326349+00:00
122115019251367137_1804780567382129,1110390105498978_122115019251367137,Unknown,konti n lng tubig nmin sana may dagdag n malinis n inumin bago gumabi dito sa Brgy Poblacion 8,2026-09-11,04:35:58,Unknown,flood,2026-09-12T02:28:43.70672+00:00
122115019251367137_1730874104856774,1110390105498978_122115019251367137,Unknown,Tulong po wala na kameng pulutan dito,2026-09-02,05:12:52,Unknown,emergency,2026-09-02T05:13:40.265431+00:00
122115019251367137_3938797369761190,1110390105498978_122115019251367137,Unknown,"Padine po kayo, nanganganak na si manang dine sa amin, wala kaming sasakyan papuntang ospital",2026-09-03,01:01:58,Unknown,,2026-09-03T02:54:41.748458+00:00
122115019251367137_1540553174014933,1110390105498978_122115019251367137,Unknown,konti n lng tubig nmin sana may dagdag n malinis n inumin bago gumabi Brgy caloocan,2026-09-03,00:49:18,Caloocan,flood,2026-09-03T02:54:42.753884+00:00
122115019251367137_1880476043330815,1110390105498978_122115019251367137,Unknown,guys wla n signal d2 sa Poblacion 2 mahigit isang araw n simula nung bagyo kagabi,2026-09-11,04:35:10,Unknown,typhoon,2026-09-12T02:28:48.726433+00:00
122113836501367137_1344726604313028,1110390105498978_122113836501367137,Samson Jefferson,Ang tagal po ng rescue team nyo nilalamig naho kami may pm po ako,2026-09-03,00:59:00,Unknown,emergency,2026-09-03T02:54:52.47147+00:00
122113836501367137_4336992206561817,1110390105498978_122113836501367137,Unknown,"nagkaroon po ng landslide  dito sa Barangay Quiling, dalawang bahay po yung natabunan at may mga bata po sa loob ng bahay. Sana po makapunta agad kayo dito ASAP",2026-08-28,06:00:14,Quiling,landslide,2026-08-28T06:10:18.474139+00:00
122116085643367137_4423466894580563,1110390105498978_122116085643367137,Samson Jefferson,Nanganak ho pinsan ni kap si cha mileng dine sa pob 3 e wala naman hong ambulansya nadating kaninang kanina pa kami natawag sa inyo,2026-09-11,00:14:27,Unknown,,2026-09-11T00:18:29.572314+00:00
122115019251367137_3170808169789429,1110390105498978_122115019251367137,Unknown,"Pls help po, stranded na kami dito sa house malapit palengke ng Brgy Poblacion 7! kase high tide na",2026-09-06,12:13:19,Unknown,,2026-09-08T00:55:58.900178+00:00
122115019251367137_2062989681015324,1110390105498978_122115019251367137,Unknown,"We have had no electricity here since last night, and it also affected the barangay water pump, Brgy. Aya.",2026-09-06,06:19:47,Aya,,2026-09-06T09:35:53.32447+00:00
122115019251367137_1780712049921441,1110390105498978_122115019251367137,Unknown,Goodafternoon po kumain na kayo?,2026-09-08,06:04:16,Unknown,,2026-09-08T06:08:54.222396+00:00
122115019251367137_1572110871317238,1110390105498978_122115019251367137,Samson Jefferson,Patulong naman po nawawala aso namin baka po may makita kayong aso nalaglag po sya sa tulay sa aya pangalan nya po si brownie kulay black po,2026-09-04,14:00:45,Aya,emergency,2026-09-04T14:01:47.029742+00:00
122116085643367137_1768673567774998,1110390105498978_122116085643367137,Unknown,bumagsak bubong nmin gawa ng ashfall dito Brgy Tranca sana matulungan kming magpaayos at mag evacuate,2026-09-09,06:02:31,Tranca,evacuation,2026-09-09T12:08:37.822503+00:00
122115019251367137_1062585356382984,1110390105498978_122115019251367137,Unknown,hElP nMn pO!!! mEy nWwLa sA LuYaHaN!!! hNdI nA bUmAbAlIk!!!,2026-09-08,15:43:39,Unknown,,2026-09-08T15:48:21.617514+00:00
122115019251367137_2251815448996328,1110390105498978_122115019251367137,Unknown,Kailan po kaya titigil ang ulan?,2026-09-08,14:11:19,Aya,,2026-09-08T15:42:33.32425+00:00
122115019251367137_1834973130998190,1110390105498978_122115019251367137,Unknown,waaah help!!!! mEy nAaNoD sA iLoG sA qUiling!!!!! tulooong!!!!,2026-09-08,17:01:42,Quiling,,2026-09-09T02:04:40.906194+00:00
122115019251367137_1087089170494412,1110390105498978_122115019251367137,Unknown,"Thank you for yesterday's relief distribution, it was a huge help for our family here.",2026-09-06,12:14:15,Unknown,,2026-09-08T00:55:58.754647+00:00
122115019251367137_1545717880194007,1110390105498978_122115019251367137,Unknown,"Gano po kalayo pa ang rescue boat, dine kami sa may boundary ng sampaloc",2026-09-06,12:15:34,Sampaloc,emergency,2026-09-08T00:55:58.619553+00:00
122115019251367137_1600403221438816,1110390105498978_122115019251367137,Unknown,"Bumagsak po yung malaking puno sa kalsada dito sa San Guillermo, naka harang po sa daan at wala pong makalusot ngayong mga sasakyan",2026-09-06,09:28:21,San Guillermo,,2026-09-06T09:35:53.000107+00:00
122115019251367137_28213924828246862,1110390105498978_122115019251367137,Unknown,alam nyo po ba kung saang tindahan dito sa leynes may tindang alak at pulutan?,2026-09-06,07:45:06,Leynes,,2026-09-06T09:35:53.161049+00:00
122115019251367137_1089553210236836,1110390105498978_122115019251367137,Unknown,kelan po b susunod n weather update para samin d2 sa Brgy Quiling,2026-09-06,05:50:15,Quiling,,2026-09-06T09:35:53.491824+00:00
122115019251367137_972912685814281,1110390105498978_122115019251367137,Unknown,"The bridge going to Miranda has partially collapsed due to strong currents, and vehicles can no longer pass.",2026-09-06,05:49:27,Miranda,,2026-09-06T09:35:53.653828+00:00
122115019251367137_2881183472237153,1110390105498978_122115019251367137,Unknown,"May ashfall na naman dito sa Leynes galing Taal, makapal na ang abo sa mga bubong namin.",2026-09-05,08:11:19,Leynes,,2026-09-06T09:35:53.812648+00:00
122115019251367137_1745471220034605,1110390105498978_122115019251367137,Unknown,Maganda umaga po kumain na kayo?,2026-09-08,00:49:34,Unknown,,2026-09-08T00:55:58.088364+00:00
122115019251367137_4478583875726567,1110390105498978_122115019251367137,Unknown,MAY MALAKING BITAK SA LUPA MALAPIT SA tulay papuntang Sampaloc NATATAKOT KMI BAKA LUMALA PA BRGY San Guillermo,2026-09-08,11:25:55,San Guillermo,,2026-09-08T12:30:15.009765+00:00
122115019251367137_1052306007620467,1110390105498978_122115019251367137,Unknown,proud ako sa mga kabataan ng Brgy Poblacion 4 tumulong mag pack ng relief goods kagabi 💪,2026-09-06,12:16:02,Unknown,,2026-09-08T00:55:58.250882+00:00
122115019251367137_1790459721978103,1110390105498978_122115019251367137,Unknown,2long poh may mga rEsiDent po na sTuck nA sa taas nG bahAy nIiA ditO sa BaRangay tranca,2026-09-04,00:35:41,Tranca,flood,2026-09-04T00:42:47.677597+00:00
122116085643367137_28499738379664693,1110390105498978_122116085643367137,Unknown,Stay safe po sa lahat,2026-09-12,04:25:36,Unknown,,2026-09-12T04:30:23.266869+00:00
122115019251367137_28098218626527402,1110390105498978_122115019251367137,Unknown,saan po kaya mayroong malapit na evacuation center dito sa Tumaway?,2026-09-08,15:35:17,Tumaway,evacuation,2026-09-08T15:42:33.141915+00:00
122115019251367137_1052460570903088,1110390105498978_122115019251367137,Unknown,sana lagi n lng ganito kabilis response nyo salamat MDRRMO Talisay 🙏🙏,2026-09-03,00:53:26,Unknown,,2026-09-03T02:54:42.418666+00:00
122115019251367137_2666967140364765,1110390105498978_122115019251367137,Unknown,"yung mga kapitbahay ko po dito sa Cawit hindi na makaalis gawa ng baha, hindi pa din dumadating ang tulong",2026-09-06,07:44:04,Unknown,emergency,2026-09-06T09:35:57.274566+00:00
122116085643367137_2145243196341620,1110390105498978_122116085643367137,Unknown,magkano po presyo ng baboy ngayon?,2026-09-11,02:57:49,Unknown,,2026-09-11T03:00:19.80216+00:00
122115019251367137_1395263846084114,1110390105498978_122115019251367137,Unknown,"Napalibutan na po ng tubig ang aming bahay sa Tranca, kailangan na po namen ng bangka para makalikas.",2026-09-05,04:29:27,Tranca,flood,2026-09-06T09:35:53.9708+00:00
122113836501367137_1284125647045610,1110390105498978_122113836501367137,Unknown,"Ala eh dine nga e natabunan ng lupa ang buong daan papuntang covered court, wala nang makadaang sasakyan",2026-08-24,13:17:01,Unknown,,2026-08-24T13:21:15.961665+00:00
122116085643367137_1433078016544866,1110390105498978_122116085643367137,Unknown,When can we expect the water line near Tumaway barangay hall to be repaired?,2026-09-09,06:23:58,Tumaway,,2026-09-09T12:08:38.194803+00:00
122115019251367137_37991942987118179,1110390105498978_122115019251367137,Unknown,"May himatayin pong lola dito sa evacuation center malapit sa boundary ng Leynes, mukhang stroke po, need ng medic ngayon din.",2026-09-03,00:56:30,Leynes,evacuation,2026-09-03T02:54:42.255662+00:00
122115019251367137_1950724575623182,1110390105498978_122115019251367137,Unknown,tulong po nagka landslide po dito sa barangay tranca at madaming bahay ang natabunan at meron din pong mga tao sa loob ng mga bahay na natabunan kailangan po  namin ng tulong para mahukay sila,2026-09-04,13:50:14,Tranca,landslide,2026-09-04T14:01:47.194367+00:00
122115019251367137_1092281603363402,1110390105498978_122115019251367137,Samson Jefferson,hellow pows klangans pows nmins ngs 2long tga pob dos lang kmi boss amo,2026-09-04,02:33:57,Unknown,,2026-09-04T12:53:24.108825+00:00
122115019251367137_1380347560419818,1110390105498978_122115019251367137,Unknown,Paano ho kaya makakapag-abot ng tulog sa mga affected families?,2026-09-08,09:59:35,Aya,,2026-09-08T12:30:15.39328+00:00
122115019251367137_928967350282644,1110390105498978_122115019251367137,Unknown,need po formula milk agad wla po kming stock d2 sa center Brgy Tranca,2026-09-09,06:26:59,Tranca,,2026-09-09T12:08:41.530539+00:00
122115019251367137_1593265532500602,1110390105498978_122115019251367137,Unknown,tUlOnG!!! mEy sUgAtAn dItO sA sAntA mAriA!!! mArAmNg dUgO!!! kLnGn nG aMbUlNsYa!!!,2026-09-09,01:57:53,Santa Maria,casualty,2026-09-09T02:04:40.753687+00:00
122115019251367137_1600421208146152,1110390105498978_122115019251367137,Unknown,"Paano po mag-request ng dagdag na pagkain para sa mga bata dito sa center, malapit sa Taal Lake shoreline ng Brgy Caloocan",2026-09-08,11:26:27,Caloocan,,2026-09-08T12:30:14.633278+00:00
122115019251367137_1105323778668624,1110390105498978_122115019251367137,Unknown,"Nasira po ang tulay malapit sa covered court, hindi na po makadaan ang mga sasakyan",2026-09-03,00:58:10,Unknown,,2026-09-03T02:54:44.069931+00:00
122113836501367137_1566076241558323,1110390105498978_122113836501367137,Unknown,"magandang gabi po, gusto ko lang pong ipaalam sa inyo na may tumumbang poste dito sa Banga malapit sa tindahan ni aling Nena, wala naman pong nasaktan baka lang po may sumalpok na sasakyan gawa ng nakaharang po sa kalsada eh",2026-08-25,12:25:01,Banga,,2026-08-25T12:27:05.20877+00:00
122116085643367137_2054089061877491,1110390105498978_122116085643367137,Unknown,saan po kaya may sabongan dito sa San Guillermo,2026-09-11,02:52:21,San Guillermo,,2026-09-11T03:00:19.969596+00:00
122116085643367137_1514360867387310,1110390105498978_122116085643367137,Samson Jefferson,Puro sardinas natatanggap namin dine sa baranggay balas anu ba naman yan,2026-09-12,03:52:03,Balas,,2026-09-12T04:30:30.169629+00:00
122115019251367137_1066030649371532,1110390105498978_122115019251367137,Unknown,hi po ask ko lng kung san po pwd magdonate ng relief goods para sa Brgy San Guillermo,2026-09-09,06:12:01,San Guillermo,,2026-09-09T12:08:41.709862+00:00
122116085643367137_1091394620014322,1110390105498978_122116085643367137,Unknown,wLa nA kMiNg pGkIn dItO sA tUmAwAy!!! 2 dYs nA!!!,2026-09-09,14:55:53,Tumaway,,2026-09-09T15:01:13.919195+00:00
122116085643367137_2335971943864387,1110390105498978_122116085643367137,Samson Jefferson,Grabe wala kami madaanan papuntang bayan,2026-09-11,03:01:09,Aya,,2026-09-11T03:06:09.303754+00:00
122116085643367137_2350032742201907,1110390105498978_122116085643367137,Unknown,walang relief goods busseng?! BUSSENG?,2026-09-09,12:34:50,Unknown,,2026-09-09T12:40:12.226924+00:00